{
  "model": "cnn_baseline_from_scratch",
  "input_shape": [
    64,
    64,
    1
  ],
  "preprocessing": "gray+CLAHE",
  "n_params": 25778,
  "epochs_trained": 36,
  "best_epoch": 27,
  "train_seconds": 41.24755644798279,
  "accuracy": 0.8956043956043956,
  "precision": 0.8888888888888888,
  "recall": 0.9081081081081082,
  "f1": 0.8983957219251337,
  "auc": 0.9570889325079269,
  "confusion_matrix": [
    [
      158,
      21
    ],
    [
      17,
      168
    ]
  ],
  "train_history": {
    "accuracy": [
      0.6114386916160583,
      0.7069575190544128,
      0.755306601524353,
      0.7877358198165894,
      0.807193398475647,
      0.8307783007621765,
      0.8584905862808228,
      0.869693398475647,
      0.8785377144813538,
      0.8844339847564697,
      0.8897405862808228,
      0.8997641801834106,
      0.9150943160057068,
      0.9139150977134705,
      0.9091981053352356,
      0.9186320900917053,
      0.9239386916160583,
      0.9298349022865295,
      0.9304245114326477,
      0.9316037893295288,
      0.9363207817077637,
      0.9339622855186462,
      0.9439858198165894,
      0.9433962106704712,
      0.9463443160057068,
      0.9522405862808228,
      0.9557783007621765,
      0.9510613083839417,
      0.9551886916160583,
      0.9534198045730591,
      0.9504716992378235,
      0.9492924809455872,
      0.9463443160057068,
      0.9534198045730591,
      0.9551886916160583,
      0.958136796951294
    ],
    "loss": [
      0.7215979695320129,
      0.559886634349823,
      0.5088636875152588,
      0.4723208546638489,
      0.4392811357975006,
      0.4113732874393463,
      0.37248075008392334,
      0.3437187671661377,
      0.31346264481544495,
      0.31104084849357605,
      0.2928182780742645,
      0.2695046067237854,
      0.24664878845214844,
      0.24680806696414948,
      0.23528064787387848,
      0.2274775207042694,
      0.21142303943634033,
      0.19669733941555023,
      0.19857348501682281,
      0.1912073791027069,
      0.18867716193199158,
      0.18487514555454254,
      0.17328503727912903,
      0.17218442261219025,
      0.1706506311893463,
      0.16238640248775482,
      0.14592650532722473,
      0.15240313112735748,
      0.14670348167419434,
      0.15005174279212952,
      0.14159072935581207,
      0.14661908149719238,
      0.14429982006549835,
      0.13984090089797974,
      0.13491718471050262,
      0.13528504967689514
    ],
    "val_accuracy": [
      0.5950413346290588,
      0.7961432337760925,
      0.8071625232696533,
      0.7300275564193726,
      0.8154270052909851,
      0.8044077157974243,
      0.8870523571968079,
      0.6969696879386902,
      0.8815426826477051,
      0.8319559097290039,
      0.7245178818702698,
      0.9090909361839294,
      0.7465564608573914,
      0.7355371713638306,
      0.8457300066947937,
      0.6997244954109192,
      0.9173553586006165,
      0.9283746480941772,
      0.93388432264328,
      0.8512396812438965,
      0.9311294555664062,
      0.936639130115509,
      0.936639130115509,
      0.9283746480941772,
      0.93388432264328,
      0.9173553586006165,
      0.9201101660728455,
      0.939393937587738,
      0.8925619721412659,
      0.8677685856819153,
      0.9146005511283875,
      0.8953167796134949,
      0.9118457436561584,
      0.9228650331497192,
      0.9283746480941772,
      0.9201101660728455
    ],
    "val_loss": [
      0.6221756339073181,
      0.5264204144477844,
      0.4881671369075775,
      0.5078509449958801,
      0.42477700114250183,
      0.42470473051071167,
      0.32779401540756226,
      0.5502616763114929,
      0.30391860008239746,
      0.3512773811817169,
      0.5426534414291382,
      0.24136778712272644,
      0.5228978991508484,
      0.5475040078163147,
      0.3428569734096527,
      0.6582849025726318,
      0.21309363842010498,
      0.18707071244716644,
      0.1826951652765274,
      0.3647622764110565,
      0.1818304806947708,
      0.17701464891433716,
      0.17173896729946136,
      0.18332698941230774,
      0.17172354459762573,
      0.21649913489818573,
      0.20810075104236603,
      0.1715705841779709,
      0.2610747218132019,
      0.3181604743003845,
      0.21267454326152802,
      0.24083970487117767,
      0.2022138386964798,
      0.1855335235595703,
      0.19462938606739044,
      0.20203931629657745
    ],
    "learning_rate": [
      0.0010000000474974513,
      0.0010000000474974513,
      0.0010000000474974513,
      0.0010000000474974513,
      0.0010000000474974513,
      0.0010000000474974513,
      0.0010000000474974513,
      0.0010000000474974513,
      0.0010000000474974513,
      0.0010000000474974513,
      0.0010000000474974513,
      0.0010000000474974513,
      0.0010000000474974513,
      0.0010000000474974513,
      0.0010000000474974513,
      0.0010000000474974513,
      0.0005000000237487257,
      0.0005000000237487257,
      0.0005000000237487257,
      0.0005000000237487257,
      0.0005000000237487257,
      0.0005000000237487257,
      0.0005000000237487257,
      0.0005000000237487257,
      0.0005000000237487257,
      0.0005000000237487257,
      0.0005000000237487257,
      0.0002500000118743628,
      0.0002500000118743628,
      0.0002500000118743628,
      0.0002500000118743628,
      0.0002500000118743628,
      0.0001250000059371814,
      0.0001250000059371814,
      0.0001250000059371814,
      0.0001250000059371814
    ]
  }
}