{
  "candidates": [
    {
      "name": "mobilenetv3_small_frozen",
      "backbone": "mobilenetv3_small",
      "frozen": true,
      "n_params": 940274,
      "trainable_params": 1154,
      "input_shape": [
        96,
        96,
        3
      ],
      "epochs_trained": 25,
      "train_seconds": 44.29689025878906,
      "accuracy": 0.8516483516483516,
      "precision": 0.8324873096446701,
      "recall": 0.8864864864864865,
      "f1": 0.8586387434554974,
      "auc": 0.9117922391665408,
      "confusion_matrix": [
        [
          146,
          33
        ],
        [
          21,
          164
        ]
      ],
      "best_val_acc": 0.9063360691070557,
      "train_history": {
        "accuracy": [
          0.6320754885673523,
          0.7004716992378235,
          0.7529481053352356,
          0.7906839847564697,
          0.8001179099082947,
          0.8007075190544128,
          0.8119103908538818,
          0.8237028121948242,
          0.8325471878051758,
          0.8213443160057068,
          0.8237028121948242,
          0.8372641801834106,
          0.8413915038108826,
          0.8455188870429993,
          0.84375,
          0.84375,
          0.8307783007621765,
          0.8431603908538818,
          0.8608490824699402,
          0.8484669923782349,
          0.8520047068595886,
          0.8466981053352356,
          0.8466981053352356,
          0.84375,
          0.8549528121948242
        ],
        "loss": [
          0.7230176329612732,
          0.5890910029411316,
          0.5210093855857849,
          0.4615444242954254,
          0.4334729313850403,
          0.4276372194290161,
          0.4071638286113739,
          0.39018887281417847,
          0.3898666799068451,
          0.3884793817996979,
          0.37549474835395813,
          0.3605336546897888,
          0.3606190085411072,
          0.3670116066932678,
          0.3613692820072174,
          0.3612719476222992,
          0.37059956789016724,
          0.34569355845451355,
          0.34792035818099976,
          0.34134185314178467,
          0.33781445026397705,
          0.34259456396102905,
          0.3405260741710663,
          0.34784263372421265,
          0.33197611570358276
        ],
        "val_accuracy": [
          0.7520661354064941,
          0.8126721978187561,
          0.8292011022567749,
          0.8484848737716675,
          0.8650137782096863,
          0.8677685856819153,
          0.8677685856819153,
          0.8760330677032471,
          0.8815426826477051,
          0.8898071646690369,
          0.8870523571968079,
          0.8925619721412659,
          0.8953167796134949,
          0.8870523571968079,
          0.8953167796134949,
          0.8870523571968079,
          0.8842975497245789,
          0.8842975497245789,
          0.8953167796134949,
          0.8925619721412659,
          0.8953167796134949,
          0.9063360691070557,
          0.8953167796134949,
          0.8787878751754761,
          0.8870523571968079
        ],
        "val_loss": [
          0.5126953721046448,
          0.43328991532325745,
          0.3917922377586365,
          0.3682873845100403,
          0.35596853494644165,
          0.34480175375938416,
          0.336208313703537,
          0.3293675482273102,
          0.32275858521461487,
          0.31809279322624207,
          0.3121837377548218,
          0.309248149394989,
          0.30786222219467163,
          0.30644187331199646,
          0.3029591739177704,
          0.3014800250530243,
          0.30078786611557007,
          0.2987641990184784,
          0.2971017360687256,
          0.2964734435081482,
          0.2946048676967621,
          0.2941648066043854,
          0.29369649291038513,
          0.30101677775382996,
          0.2930719554424286
        ],
        "learning_rate": [
          0.0010000000474974513,
          0.0010000000474974513,
          0.0010000000474974513,
          0.0010000000474974513,
          0.0010000000474974513,
          0.0010000000474974513,
          0.0010000000474974513,
          0.0010000000474974513,
          0.0010000000474974513,
          0.0010000000474974513,
          0.0010000000474974513,
          0.0010000000474974513,
          0.0010000000474974513,
          0.0010000000474974513,
          0.0010000000474974513,
          0.0010000000474974513,
          0.0010000000474974513,
          0.0010000000474974513,
          0.0010000000474974513,
          0.0010000000474974513,
          0.0010000000474974513,
          0.0010000000474974513,
          0.0010000000474974513,
          0.0010000000474974513,
          0.0010000000474974513
        ]
      },
      "model_path": "artifacts\\eye04_mobilenetv3_small_frozen.keras"
    },
    {
      "name": "mobilenetv3_small_finetune",
      "backbone": "mobilenetv3_small",
      "frozen": false,
      "n_params": 940274,
      "trainable_params": 928162,
      "input_shape": [
        96,
        96,
        3
      ],
      "epochs_trained": 25,
      "train_seconds": 137.44201469421387,
      "accuracy": 0.8434065934065934,
      "precision": 0.8404255319148937,
      "recall": 0.8540540540540541,
      "f1": 0.8471849865951743,
      "auc": 0.9084100860637175,
      "confusion_matrix": [
        [
          149,
          30
        ],
        [
          27,
          158
        ]
      ],
      "best_val_acc": 0.8567492961883545,
      "train_history": {
        "accuracy": [
          0.5849056839942932,
          0.801886796951294,
          0.8997641801834106,
          0.9310141801834106,
          0.9711084961891174,
          0.9734669923782349,
          0.9852594137191772,
          0.9929245114326477,
          0.9970518946647644,
          0.9970518946647644,
          0.9994103908538818,
          0.9970518946647644,
          1.0,
          1.0,
          0.9994103908538818,
          0.9994103908538818,
          1.0,
          1.0,
          1.0,
          1.0,
          1.0,
          1.0,
          1.0,
          1.0,
          1.0
        ],
        "loss": [
          0.8593264222145081,
          0.4172649383544922,
          0.2646830379962921,
          0.19269928336143494,
          0.11129093915224075,
          0.09330529719591141,
          0.06920076906681061,
          0.05041295289993286,
          0.033565595746040344,
          0.02623019553720951,
          0.02087303064763546,
          0.020558107644319534,
          0.014079960994422436,
          0.011232170276343822,
          0.010686662048101425,
          0.009796236641705036,
          0.007789183408021927,
          0.006096326746046543,
          0.006092741619795561,
          0.004428052809089422,
          0.0037348084151744843,
          0.003301398828625679,
          0.0031862594187259674,
          0.002520995680242777,
          0.002516164444386959
        ],
        "val_accuracy": [
          0.6088154315948486,
          0.64462810754776,
          0.6831955909729004,
          0.71074378490448,
          0.7355371713638306,
          0.7355371713638306,
          0.7300275564193726,
          0.7685950398445129,
          0.7823691368103027,
          0.8071625232696533,
          0.8044077157974243,
          0.8154270052909851,
          0.8181818127632141,
          0.8292011022567749,
          0.8292011022567749,
          0.8374655842781067,
          0.8457300066947937,
          0.8429751992225647,
          0.8374655842781067,
          0.8429751992225647,
          0.8429751992225647,
          0.8484848737716675,
          0.8567492961883545,
          0.8512396812438965,
          0.8402203917503357
        ],