{
  "fp32_size_kb": 59.98828125,
  "int8_size_kb": 26.6640625,
  "compression_x": 2.2497802519777323,
  "fp32_test_iou": 0.9969361991257878,
  "fp32_test_dice": 0.998465583489072,
  "int8_test_iou": 0.9969041059595686,
  "int8_test_dice": 0.9984494837763237,
  "iou_delta_pp": -0.0032093166219215874,
  "gate_passed": true
}