{
  "acc_before": 0.3939393939393939,
  "acc_after": 1.0,
  "train_seconds": 58.945318937301636,
  "n_train": 2310,
  "n_val": 495,
  "n_test": 495,
  "confusion": [
    [
      161,
      0,
      0,
      0
    ],
    [
      0,
      139,
      0,
      0
    ],
    [
      0,
      0,
      150,
      0
    ],
    [
      0,
      0,
      0,
      45
    ]
  ],
  "class_names": [
    "left",
    "right",
    "straight",
    "stop"
  ]
}