{
  "name": "classical_hough_svm",
  "accuracy": 0.5050167224080268,
  "f1_macro": 0.5750341063767017,
  "best_C": 10.0,
  "cv_f1_macro": 0.5101402660194675,
  "n_params": 0,
  "confusion": [
    [
      65,
      12,
      27,
      2
    ],
    [
      28,
      65,
      25,
      1
    ],
    [
      96,
      101,
      118,
      4
    ],
    [
      0,
      0,
      0,
      54
    ]
  ],
  "class_names": [
    "left",
    "right",
    "straight",
    "stop"
  ]
}